bank,file_start,file_end,cpu_start,cpu_end,classification,status,confidence,source_sha256,notes
0x00,0x000000,0x003fff,0x0000,0x3fff,header-and-code,fingerprinted,high,136ada06cb68656b7de475fa4b278d37dbeff8f5257e7dfdf7f4a4aec19a90f3,bank_sha256=c99332e2388b4fcac8c39309b5d00cbf843e0c2612d8f710a4ac6ab7ae6eb9b7; entropy=6.983995; unique_bytes=256; zero_bytes=764; ff_bytes=103
0x01,0x004000,0x007fff,0x4000,0x7fff,unclassified,fingerprinted,low,136ada06cb68656b7de475fa4b278d37dbeff8f5257e7dfdf7f4a4aec19a90f3,bank_sha256=2dd387423613cd3c25f2fc0d1660dc659bda9edfc1cb0c065ba6e3b0c6afe3bd; entropy=6.785112; unique_bytes=256; zero_bytes=2060; ff_bytes=89
0x02,0x008000,0x00bfff,0x4000,0x7fff,unclassified,fingerprinted,low,136ada06cb68656b7de475fa4b278d37dbeff8f5257e7dfdf7f4a4aec19a90f3,bank_sha256=0421cbdfb34166cedd17cf43b96484d3085274d5f56accb9acbe7fe8c5c82136; entropy=6.323867; unique_bytes=255; zero_bytes=3626; ff_bytes=594
0x03,0x00c000,0x00ffff,0x4000,0x7fff,unclassified,fingerprinted,low,136ada06cb68656b7de475fa4b278d37dbeff8f5257e7dfdf7f4a4aec19a90f3,bank_sha256=003f4ce812600650eb7dc298f13654c0c2102be1447f8a2fc336eb335218664f; entropy=7.158781; unique_bytes=255; zero_bytes=670; ff_bytes=68
0x04,0x010000,0x013fff,0x4000,0x7fff,unclassified,fingerprinted,low,136ada06cb68656b7de475fa4b278d37dbeff8f5257e7dfdf7f4a4aec19a90f3,bank_sha256=761b678b350e1267746de618ff02efc461377a002955caf77c6dd796790a781e; entropy=7.097624; unique_bytes=256; zero_bytes=1005; ff_bytes=749
0x05,0x014000,0x017fff,0x4000,0x7fff,unclassified,fingerprinted,low,136ada06cb68656b7de475fa4b278d37dbeff8f5257e7dfdf7f4a4aec19a90f3,bank_sha256=43c93bb7e6aacee07e38a26929202b8fbb5df6c3f4ee523b193fb3d0059c4825; entropy=7.112333; unique_bytes=256; zero_bytes=1098; ff_bytes=104
0x06,0x018000,0x01bfff,0x4000,0x7fff,unclassified,fingerprinted,low,136ada06cb68656b7de475fa4b278d37dbeff8f5257e7dfdf7f4a4aec19a90f3,bank_sha256=f1813b24d20ea13c093d3ed34ea75ffbea3b00ae35aa298831ea3cdc35678dc2; entropy=6.514767; unique_bytes=256; zero_bytes=3383; ff_bytes=490
0x07,0x01c000,0x01ffff,0x4000,0x7fff,unclassified,fingerprinted,low,136ada06cb68656b7de475fa4b278d37dbeff8f5257e7dfdf7f4a4aec19a90f3,bank_sha256=495bb1bc2ecdb1783be63142ec4f546cd157e200364eb58c63db5f4189dcfc6f; entropy=6.744984; unique_bytes=256; zero_bytes=1626; ff_bytes=868
0x08,0x020000,0x023fff,0x4000,0x7fff,unclassified,fingerprinted,low,136ada06cb68656b7de475fa4b278d37dbeff8f5257e7dfdf7f4a4aec19a90f3,bank_sha256=ffaba959955993854fb55a2b59741ce15068ffe03c012706a99f10759a1056ca; entropy=6.909735; unique_bytes=256; zero_bytes=1266; ff_bytes=1176
0x09,0x024000,0x027fff,0x4000,0x7fff,unclassified,fingerprinted,low,136ada06cb68656b7de475fa4b278d37dbeff8f5257e7dfdf7f4a4aec19a90f3,bank_sha256=23632cac46bd1c8871165f6af31b3d63cb071fa6121e5b27747986ff7855f9d8; entropy=7.157522; unique_bytes=256; zero_bytes=1251; ff_bytes=340
0x0a,0x028000,0x02bfff,0x4000,0x7fff,unclassified,fingerprinted,low,136ada06cb68656b7de475fa4b278d37dbeff8f5257e7dfdf7f4a4aec19a90f3,bank_sha256=b1a2903d29a8bef3d55777b5f69c1bbdbc8c9a2c429cb456758a0f16aa6b4193; entropy=6.98058; unique_bytes=256; zero_bytes=1276; ff_bytes=138
0x0b,0x02c000,0x02ffff,0x4000,0x7fff,unclassified,fingerprinted,low,136ada06cb68656b7de475fa4b278d37dbeff8f5257e7dfdf7f4a4aec19a90f3,bank_sha256=7e6cfe54f6e57d580f4fd28917144931b0399cf68148136edadaaacd929001e7; entropy=6.90072; unique_bytes=256; zero_bytes=531; ff_bytes=13
0x0c,0x030000,0x033fff,0x4000,0x7fff,unclassified,fingerprinted,low,136ada06cb68656b7de475fa4b278d37dbeff8f5257e7dfdf7f4a4aec19a90f3,bank_sha256=6fdf2e5afdbf68068051e4c6634e9acd254a6591a679cf9d5867d3c8661cc56f; entropy=6.542156; unique_bytes=256; zero_bytes=1404; ff_bytes=743
0x0d,0x034000,0x037fff,0x4000,0x7fff,unclassified,fingerprinted,low,136ada06cb68656b7de475fa4b278d37dbeff8f5257e7dfdf7f4a4aec19a90f3,bank_sha256=7b592f60dc5650c8b2d15eea1ae34d26a221e61e63fd005273a960ba435d8338; entropy=6.906172; unique_bytes=253; zero_bytes=371; ff_bytes=54
0x0e,0x038000,0x03bfff,0x4000,0x7fff,unclassified,fingerprinted,low,136ada06cb68656b7de475fa4b278d37dbeff8f5257e7dfdf7f4a4aec19a90f3,bank_sha256=b2fdc7fb24ff7976a1eb141ccecfc118cbca929862d043d714ed817525f775fa; entropy=6.701066; unique_bytes=255; zero_bytes=2967; ff_bytes=562
0x0f,0x03c000,0x03ffff,0x4000,0x7fff,unclassified,fingerprinted,low,136ada06cb68656b7de475fa4b278d37dbeff8f5257e7dfdf7f4a4aec19a90f3,bank_sha256=438b864b26741fb964e4f62d22d847590d00563de74d78f11fddbd85fb2c8005; entropy=7.055774; unique_bytes=256; zero_bytes=420; ff_bytes=45
0x10,0x040000,0x043fff,0x4000,0x7fff,unclassified,fingerprinted,low,136ada06cb68656b7de475fa4b278d37dbeff8f5257e7dfdf7f4a4aec19a90f3,bank_sha256=b89a85b852b3ac8abebbc44cf06f872c5bc44b9ba84c9a183fbfbec275ffc906; entropy=7.190763; unique_bytes=256; zero_bytes=1623; ff_bytes=301
0x11,0x044000,0x047fff,0x4000,0x7fff,unclassified,fingerprinted,low,136ada06cb68656b7de475fa4b278d37dbeff8f5257e7dfdf7f4a4aec19a90f3,bank_sha256=eb8d903e68d2e8a068698767bfb3f78000d349e934d5b9c11655d5818c37e92f; entropy=6.748132; unique_bytes=256; zero_bytes=688; ff_bytes=11
0x12,0x048000,0x04bfff,0x4000,0x7fff,unclassified,fingerprinted,low,136ada06cb68656b7de475fa4b278d37dbeff8f5257e7dfdf7f4a4aec19a90f3,bank_sha256=bba35fb0fd473b453b8c42026d9a254bad65fa6d7cd203d84252911f8e207c87; entropy=6.755312; unique_bytes=256; zero_bytes=2202; ff_bytes=237
0x13,0x04c000,0x04ffff,0x4000,0x7fff,unclassified,fingerprinted,low,136ada06cb68656b7de475fa4b278d37dbeff8f5257e7dfdf7f4a4aec19a90f3,bank_sha256=db753b7904834e3a85c08f865b8fbaebd51d84b2b70c264b5c34174a9713fd5c; entropy=6.497421; unique_bytes=256; zero_bytes=3224; ff_bytes=600
0x14,0x050000,0x053fff,0x4000,0x7fff,unclassified,fingerprinted,low,136ada06cb68656b7de475fa4b278d37dbeff8f5257e7dfdf7f4a4aec19a90f3,bank_sha256=f185a9cb58bd17d60215a7d5aa784db6d36c95b4a078de89193ad5e47d036a6b; entropy=6.531735; unique_bytes=256; zero_bytes=3604; ff_bytes=93
0x15,0x054000,0x057fff,0x4000,0x7fff,unclassified,fingerprinted,low,136ada06cb68656b7de475fa4b278d37dbeff8f5257e7dfdf7f4a4aec19a90f3,bank_sha256=5d685d59aea0837c1513105f9fb092d2cacaeb524c36d72909492dc49822d436; entropy=6.916628; unique_bytes=255; zero_bytes=1229; ff_bytes=338
0x16,0x058000,0x05bfff,0x4000,0x7fff,unclassified,fingerprinted,low,136ada06cb68656b7de475fa4b278d37dbeff8f5257e7dfdf7f4a4aec19a90f3,bank_sha256=c1dc950e082bf2998858c3496e53196069c29a362c37ee14709bd029666204b0; entropy=6.949938; unique_bytes=256; zero_bytes=1170; ff_bytes=369
0x17,0x05c000,0x05ffff,0x4000,0x7fff,unclassified,fingerprinted,low,136ada06cb68656b7de475fa4b278d37dbeff8f5257e7dfdf7f4a4aec19a90f3,bank_sha256=c0360f95892a07f3a5906310c27cb12e1a5fc3bf111c527c72ec9faa2efd4159; entropy=6.94017; unique_bytes=255; zero_bytes=1297; ff_bytes=309
0x18,0x060000,0x063fff,0x4000,0x7fff,unclassified,fingerprinted,low,136ada06cb68656b7de475fa4b278d37dbeff8f5257e7dfdf7f4a4aec19a90f3,bank_sha256=0684b8c75ad4907d1ff1a2f2227528adafd99ea0433564d8ca5f9b185b9ae98e; entropy=6.860247; unique_bytes=255; zero_bytes=937; ff_bytes=294
0x19,0x064000,0x067fff,0x4000,0x7fff,unclassified,fingerprinted,low,136ada06cb68656b7de475fa4b278d37dbeff8f5257e7dfdf7f4a4aec19a90f3,bank_sha256=33d063fbf263c98194862c7b8250440d86a29ca18ec76102e44055750be6d71e; entropy=6.974855; unique_bytes=255; zero_bytes=1459; ff_bytes=261
0x1a,0x068000,0x06bfff,0x4000,0x7fff,unclassified,fingerprinted,low,136ada06cb68656b7de475fa4b278d37dbeff8f5257e7dfdf7f4a4aec19a90f3,bank_sha256=976967e035c6a8498846bfb437fd374103fb4f5ab52721797018fd184a2f709e; entropy=6.960283; unique_bytes=256; zero_bytes=1352; ff_bytes=389
0x1b,0x06c000,0x06ffff,0x4000,0x7fff,unclassified,fingerprinted,low,136ada06cb68656b7de475fa4b278d37dbeff8f5257e7dfdf7f4a4aec19a90f3,bank_sha256=debb39d79829cbef537163d1bf5252430e90ed966e6bc73141a4e44544a04f30; entropy=6.995761; unique_bytes=256; zero_bytes=1219; ff_bytes=285
0x1c,0x070000,0x073fff,0x4000,0x7fff,unclassified,fingerprinted,low,136ada06cb68656b7de475fa4b278d37dbeff8f5257e7dfdf7f4a4aec19a90f3,bank_sha256=cadfbde96d8a2169106730052abab442a2e09a9d338ec5049f436679ad403b4d; entropy=6.968207; unique_bytes=256; zero_bytes=1243; ff_bytes=356
0x1d,0x074000,0x077fff,0x4000,0x7fff,unclassified,fingerprinted,low,136ada06cb68656b7de475fa4b278d37dbeff8f5257e7dfdf7f4a4aec19a90f3,bank_sha256=44848dae3b87c7bc58d10b35680c28d79c2587ae2963762939713a6953d82606; entropy=6.983989; unique_bytes=255; zero_bytes=1279; ff_bytes=308
0x1e,0x078000,0x07bfff,0x4000,0x7fff,unclassified,fingerprinted,low,136ada06cb68656b7de475fa4b278d37dbeff8f5257e7dfdf7f4a4aec19a90f3,bank_sha256=3f63d86c7485f7deea6f58ae08cd072b1c03ef63685173c804bc59ee0fb83e19; entropy=6.909144; unique_bytes=256; zero_bytes=1271; ff_bytes=485
0x1f,0x07c000,0x07ffff,0x4000,0x7fff,unclassified,fingerprinted,low,136ada06cb68656b7de475fa4b278d37dbeff8f5257e7dfdf7f4a4aec19a90f3,bank_sha256=9e8e7a5026fee43e67643676e83d705d2dfc6dfbe058e9d19b9395f0994b30de; entropy=6.970199; unique_bytes=256; zero_bytes=1180; ff_bytes=298
0x20,0x080000,0x083fff,0x4000,0x7fff,unclassified,fingerprinted,low,136ada06cb68656b7de475fa4b278d37dbeff8f5257e7dfdf7f4a4aec19a90f3,bank_sha256=5b7457ddb006beb60d06685379977673c00cc5955036a4b9df7ea3ad7045d847; entropy=4.285484; unique_bytes=250; zero_bytes=8823; ff_bytes=177
0x21,0x084000,0x087fff,0x4000,0x7fff,unclassified,fingerprinted,low,136ada06cb68656b7de475fa4b278d37dbeff8f5257e7dfdf7f4a4aec19a90f3,bank_sha256=b011dee6d58d2384fbfb5415c985370798f98a9ffa4d828ac85d2cc1dad94ac6; entropy=5.369229; unique_bytes=256; zero_bytes=6376; ff_bytes=298
0x22,0x088000,0x08bfff,0x4000,0x7fff,unclassified,fingerprinted,low,136ada06cb68656b7de475fa4b278d37dbeff8f5257e7dfdf7f4a4aec19a90f3,bank_sha256=99d67bc80962180b41672f4bbd37c726314d86a2a11a6f8a12fce2163a9e9966; entropy=6.696371; unique_bytes=256; zero_bytes=2510; ff_bytes=182
0x23,0x08c000,0x08ffff,0x4000,0x7fff,unclassified,fingerprinted,low,136ada06cb68656b7de475fa4b278d37dbeff8f5257e7dfdf7f4a4aec19a90f3,bank_sha256=9687bee19696968e379ec7d74a08114378c4585dd1d4ab24d442883bb987c2c2; entropy=6.735342; unique_bytes=256; zero_bytes=2357; ff_bytes=258
0x24,0x090000,0x093fff,0x4000,0x7fff,unclassified,fingerprinted,low,136ada06cb68656b7de475fa4b278d37dbeff8f5257e7dfdf7f4a4aec19a90f3,bank_sha256=005b8b4392eb8b233d143c1776961b6ee9d0ba265dbf1a62771ac26b18c225b9; entropy=7.250469; unique_bytes=256; zero_bytes=681; ff_bytes=252
0x25,0x094000,0x097fff,0x4000,0x7fff,unclassified,fingerprinted,low,136ada06cb68656b7de475fa4b278d37dbeff8f5257e7dfdf7f4a4aec19a90f3,bank_sha256=e573a13ae9163fe172ca4f59c10ab2f597b690aa1471c11ac8906fdcca740e9c; entropy=7.000075; unique_bytes=256; zero_bytes=1080; ff_bytes=36
0x26,0x098000,0x09bfff,0x4000,0x7fff,unclassified,fingerprinted,low,136ada06cb68656b7de475fa4b278d37dbeff8f5257e7dfdf7f4a4aec19a90f3,bank_sha256=cdfe418e1ad5df93ad038facdee97569d27b2d4991cda8aec1f4e6cb881c4c43; entropy=6.995719; unique_bytes=256; zero_bytes=1246; ff_bytes=455
0x27,0x09c000,0x09ffff,0x4000,0x7fff,unclassified,fingerprinted,low,136ada06cb68656b7de475fa4b278d37dbeff8f5257e7dfdf7f4a4aec19a90f3,bank_sha256=5a92f11d87b0de9d67f49d204b7f95adbbad5e213add78729142b8f3d1f23f4f; entropy=7.020347; unique_bytes=255; zero_bytes=1182; ff_bytes=486
0x28,0x0a0000,0x0a3fff,0x4000,0x7fff,unclassified,fingerprinted,low,136ada06cb68656b7de475fa4b278d37dbeff8f5257e7dfdf7f4a4aec19a90f3,bank_sha256=1a83928c3b32d0a595fd71ea56ab4ad95ce0c3f0393de597029541f0f94009d0; entropy=6.217082; unique_bytes=256; zero_bytes=3927; ff_bytes=221
0x29,0x0a4000,0x0a7fff,0x4000,0x7fff,unclassified,fingerprinted,low,136ada06cb68656b7de475fa4b278d37dbeff8f5257e7dfdf7f4a4aec19a90f3,bank_sha256=a7e2fe790793043092d6442ba7bffd01b5d19ecf56f4274823fd46268918c59a; entropy=6.371555; unique_bytes=255; zero_bytes=2729; ff_bytes=11
0x2a,0x0a8000,0x0abfff,0x4000,0x7fff,unclassified,fingerprinted,low,136ada06cb68656b7de475fa4b278d37dbeff8f5257e7dfdf7f4a4aec19a90f3,bank_sha256=66c92ddbb20cda23125de5789677dc6a1ddffbaed2a096fdd8f4f171ba056ba3; entropy=5.809158; unique_bytes=128; zero_bytes=85; ff_bytes=0
0x2b,0x0ac000,0x0affff,0x4000,0x7fff,unclassified,fingerprinted,low,136ada06cb68656b7de475fa4b278d37dbeff8f5257e7dfdf7f4a4aec19a90f3,bank_sha256=f1f1ca708de23a2afc587d8ba58cfd628186f555439522faf521d828cf0bcba2; entropy=5.740914; unique_bytes=125; zero_bytes=166; ff_bytes=0
0x2c,0x0b0000,0x0b3fff,0x4000,0x7fff,unclassified,fingerprinted,low,136ada06cb68656b7de475fa4b278d37dbeff8f5257e7dfdf7f4a4aec19a90f3,bank_sha256=4baa24e75d703db3969673b46bcaeeef1010c927c838506a174dec6ed22dff67; entropy=3.314854; unique_bytes=105; zero_bytes=9406; ff_bytes=0
0x2d,0x0b4000,0x0b7fff,0x4000,0x7fff,unclassified,fingerprinted,low,136ada06cb68656b7de475fa4b278d37dbeff8f5257e7dfdf7f4a4aec19a90f3,bank_sha256=6fae3756e2c8f105feeb2cc2ba947292f36ba7898d36fdb85198e9fd6db506da; entropy=6.528869; unique_bytes=256; zero_bytes=2684; ff_bytes=599
0x2e,0x0b8000,0x0bbfff,0x4000,0x7fff,unclassified,fingerprinted,low,136ada06cb68656b7de475fa4b278d37dbeff8f5257e7dfdf7f4a4aec19a90f3,bank_sha256=f5bc166562b4f972caf3a3f9fc223749bd47207e7044945c439d1c48a7ed08cd; entropy=4.758612; unique_bytes=255; zero_bytes=7835; ff_bytes=286
0x2f,0x0bc000,0x0bffff,0x4000,0x7fff,unclassified,fingerprinted,low,136ada06cb68656b7de475fa4b278d37dbeff8f5257e7dfdf7f4a4aec19a90f3,bank_sha256=861360a1fafefb2714b48f7f0705867a7b4fa1cb52ba05531c009428d5465181; entropy=6.391652; unique_bytes=254; zero_bytes=2038; ff_bytes=3
0x30,0x0c0000,0x0c3fff,0x4000,0x7fff,unclassified,fingerprinted,low,136ada06cb68656b7de475fa4b278d37dbeff8f5257e7dfdf7f4a4aec19a90f3,bank_sha256=4a4bf9ecbb1b7a8fc36687f4d3a7428464d12353c17c27f096fa5e6bd2229ef5; entropy=6.082367; unique_bytes=209; zero_bytes=748; ff_bytes=147
0x31,0x0c4000,0x0c7fff,0x4000,0x7fff,unclassified,fingerprinted,low,136ada06cb68656b7de475fa4b278d37dbeff8f5257e7dfdf7f4a4aec19a90f3,bank_sha256=452225fad9ff54a1c7b1661e369bb4b8b5a182e84274f8dce09857654858e1f4; entropy=6.011516; unique_bytes=251; zero_bytes=2342; ff_bytes=194
0x32,0x0c8000,0x0cbfff,0x4000,0x7fff,unclassified,fingerprinted,low,136ada06cb68656b7de475fa4b278d37dbeff8f5257e7dfdf7f4a4aec19a90f3,bank_sha256=c9d77b623b71c7172e5f835e8aa2d5edcc6f1d7821e3fb45c544d6b16120643b; entropy=6.509182; unique_bytes=256; zero_bytes=2025; ff_bytes=369
0x33,0x0cc000,0x0cffff,0x4000,0x7fff,unclassified,fingerprinted,low,136ada06cb68656b7de475fa4b278d37dbeff8f5257e7dfdf7f4a4aec19a90f3,bank_sha256=e5a0de21084171086683df6692acdcdfe15f884b4a08286ad88acfe1b05bcdcc; entropy=6.555243; unique_bytes=256; zero_bytes=2090; ff_bytes=157
0x34,0x0d0000,0x0d3fff,0x4000,0x7fff,unclassified,fingerprinted,low,136ada06cb68656b7de475fa4b278d37dbeff8f5257e7dfdf7f4a4aec19a90f3,bank_sha256=cff8aaaceff86de6aea372f6d80b3c65aaf889dfd1a27fcf247f505af1107e15; entropy=5.739264; unique_bytes=255; zero_bytes=3487; ff_bytes=590
0x35,0x0d4000,0x0d7fff,0x4000,0x7fff,unclassified,fingerprinted,low,136ada06cb68656b7de475fa4b278d37dbeff8f5257e7dfdf7f4a4aec19a90f3,bank_sha256=d6ff80f432b41a10076ac5bfda4a0eaad697ed5601c82d65e6ef1a55ca98ddab; entropy=4.360326; unique_bytes=254; zero_bytes=8085; ff_bytes=6
0x36,0x0d8000,0x0dbfff,0x4000,0x7fff,unclassified,fingerprinted,low,136ada06cb68656b7de475fa4b278d37dbeff8f5257e7dfdf7f4a4aec19a90f3,bank_sha256=6e009a8a15ab0f8a5056b6d21c96280388fd762c6149ea946594ad57b159e778; entropy=3.197638; unique_bytes=228; zero_bytes=10678; ff_bytes=2
0x37,0x0dc000,0x0dffff,0x4000,0x7fff,unclassified,fingerprinted,low,136ada06cb68656b7de475fa4b278d37dbeff8f5257e7dfdf7f4a4aec19a90f3,bank_sha256=97d67352fc6dcb4c33251618b77cae0cb036eca210a2f5f1fcac42e0dd8f4864; entropy=6.434994; unique_bytes=256; zero_bytes=2185; ff_bytes=1771
0x38,0x0e0000,0x0e3fff,0x4000,0x7fff,unclassified,fingerprinted,low,136ada06cb68656b7de475fa4b278d37dbeff8f5257e7dfdf7f4a4aec19a90f3,bank_sha256=0adc5f68df6ea673b2cfa76fe4e7cc08bed5d93fd8c663712f535364952d9445; entropy=7.102623; unique_bytes=256; zero_bytes=1106; ff_bytes=514
0x39,0x0e4000,0x0e7fff,0x4000,0x7fff,unclassified,fingerprinted,low,136ada06cb68656b7de475fa4b278d37dbeff8f5257e7dfdf7f4a4aec19a90f3,bank_sha256=e2532f42aa0a1878e3914985105dddc79782e0a81f4db152c681120baa5640b9; entropy=6.921772; unique_bytes=256; zero_bytes=1848; ff_bytes=918
0x3a,0x0e8000,0x0ebfff,0x4000,0x7fff,unclassified,fingerprinted,low,136ada06cb68656b7de475fa4b278d37dbeff8f5257e7dfdf7f4a4aec19a90f3,bank_sha256=5284013f6e842abab4248dc9b0c19b495c047ed3e493d3e5bac2d503d0f416a2; entropy=7.005516; unique_bytes=256; zero_bytes=554; ff_bytes=171
0x3b,0x0ec000,0x0effff,0x4000,0x7fff,unclassified,fingerprinted,low,136ada06cb68656b7de475fa4b278d37dbeff8f5257e7dfdf7f4a4aec19a90f3,bank_sha256=68e6906258ba11cae661dadce943da3fa017c9cf71e3a30ab25d0add58968a68; entropy=6.374539; unique_bytes=247; zero_bytes=1245; ff_bytes=128
0x3c,0x0f0000,0x0f3fff,0x4000,0x7fff,unclassified,fingerprinted,low,136ada06cb68656b7de475fa4b278d37dbeff8f5257e7dfdf7f4a4aec19a90f3,bank_sha256=1b3ec4cd75ed1cd4880083bf621b08e3b52fc4181dc3723c02cc749afae67449; entropy=6.714906; unique_bytes=256; zero_bytes=1586; ff_bytes=578
0x3d,0x0f4000,0x0f7fff,0x4000,0x7fff,unclassified,fingerprinted,low,136ada06cb68656b7de475fa4b278d37dbeff8f5257e7dfdf7f4a4aec19a90f3,bank_sha256=c949b705d2cfbb923ff2af60f19fd9c47452f1e654c0ac56bb35e7429c9ad6ed; entropy=6.525259; unique_bytes=247; zero_bytes=1104; ff_bytes=149
0x3e,0x0f8000,0x0fbfff,0x4000,0x7fff,unclassified,fingerprinted,low,136ada06cb68656b7de475fa4b278d37dbeff8f5257e7dfdf7f4a4aec19a90f3,bank_sha256=1e37f413a4d938b762a3cfdec14be32d46ab492cace719074409576d12971225; entropy=5.520849; unique_bytes=256; zero_bytes=1450; ff_bytes=4506
0x3f,0x0fc000,0x0fffff,0x4000,0x7fff,unclassified,fingerprinted,low,136ada06cb68656b7de475fa4b278d37dbeff8f5257e7dfdf7f4a4aec19a90f3,bank_sha256=4ff3f1f7a87a475cc5650451bd0c800967aa99a2d07301fa1ed8ba080e86c1a6; entropy=6.60564; unique_bytes=256; zero_bytes=3370; ff_bytes=374
0x40,0x100000,0x103fff,0x4000,0x7fff,unclassified,fingerprinted,low,136ada06cb68656b7de475fa4b278d37dbeff8f5257e7dfdf7f4a4aec19a90f3,bank_sha256=2f5180fa0e20fd4923fe30378e4780b1570dc350d09a68a3c2751002dea27264; entropy=6.801942; unique_bytes=256; zero_bytes=860; ff_bytes=41
0x41,0x104000,0x107fff,0x4000,0x7fff,unclassified,fingerprinted,low,136ada06cb68656b7de475fa4b278d37dbeff8f5257e7dfdf7f4a4aec19a90f3,bank_sha256=3def3b3220e8c263588416c0bcd3a7a6599eccedbf1a738b5c741c51c6a53a27; entropy=5.687023; unique_bytes=255; zero_bytes=4067; ff_bytes=2506
0x42,0x108000,0x10bfff,0x4000,0x7fff,unclassified,fingerprinted,low,136ada06cb68656b7de475fa4b278d37dbeff8f5257e7dfdf7f4a4aec19a90f3,bank_sha256=00e37398a170f97beabc00562f0930cd0a0811e92ffaf423d72d1648c2351c80; entropy=5.573196; unique_bytes=256; zero_bytes=4958; ff_bytes=1476
0x43,0x10c000,0x10ffff,0x4000,0x7fff,unclassified,fingerprinted,low,136ada06cb68656b7de475fa4b278d37dbeff8f5257e7dfdf7f4a4aec19a90f3,bank_sha256=7b44dc66b5454c6acd7d32127a87e9e12f4a8fe689e6419ad0041d4f6e67cd36; entropy=4.222024; unique_bytes=256; zero_bytes=8665; ff_bytes=853
0x44,0x110000,0x113fff,0x4000,0x7fff,unclassified,fingerprinted,low,136ada06cb68656b7de475fa4b278d37dbeff8f5257e7dfdf7f4a4aec19a90f3,bank_sha256=670bea07d688a5e7f2ea5ce90eba8e39cd69f2be3435bfd353b154d79fbcfd0f; entropy=6.800007; unique_bytes=256; zero_bytes=596; ff_bytes=75
0x45,0x114000,0x117fff,0x4000,0x7fff,unclassified,fingerprinted,low,136ada06cb68656b7de475fa4b278d37dbeff8f5257e7dfdf7f4a4aec19a90f3,bank_sha256=904c490b99967ad8dc317bb0c7e2489a3e49d1c8a3868160c71ad7784c3f9bf2; entropy=6.840758; unique_bytes=256; zero_bytes=1188; ff_bytes=55
0x46,0x118000,0x11bfff,0x4000,0x7fff,unclassified,fingerprinted,low,136ada06cb68656b7de475fa4b278d37dbeff8f5257e7dfdf7f4a4aec19a90f3,bank_sha256=e10d5a055f6b0ce8a1142f4be42a2daca29be1e5efd75ac716024723e9f484d4; entropy=6.988723; unique_bytes=256; zero_bytes=427; ff_bytes=52
0x47,0x11c000,0x11ffff,0x4000,0x7fff,unclassified,fingerprinted,low,136ada06cb68656b7de475fa4b278d37dbeff8f5257e7dfdf7f4a4aec19a90f3,bank_sha256=23c9fc86a03b90ca848cddefc6c1f9134c8490f8207ca27210f7c3fe70897186; entropy=5.643015; unique_bytes=256; zero_bytes=5200; ff_bytes=165
0x48,0x120000,0x123fff,0x4000,0x7fff,unclassified,fingerprinted,low,136ada06cb68656b7de475fa4b278d37dbeff8f5257e7dfdf7f4a4aec19a90f3,bank_sha256=8a1b64fef2685bb9a921b204edafd7097f7e2c96dc145c18c9fb5610be3de976; entropy=7.292737; unique_bytes=256; zero_bytes=632; ff_bytes=734
0x49,0x124000,0x127fff,0x4000,0x7fff,unclassified,fingerprinted,low,136ada06cb68656b7de475fa4b278d37dbeff8f5257e7dfdf7f4a4aec19a90f3,bank_sha256=4fd8927b950c3e7ab9d22d360549a8954b11675addcbb1d867a2027dc8bd642f; entropy=7.135771; unique_bytes=256; zero_bytes=761; ff_bytes=762
0x4a,0x128000,0x12bfff,0x4000,0x7fff,unclassified,fingerprinted,low,136ada06cb68656b7de475fa4b278d37dbeff8f5257e7dfdf7f4a4aec19a90f3,bank_sha256=ff10c4e99d244062afc08e1953136b228f9681e19b1c3cb95f9c6a45fae2459f; entropy=7.131888; unique_bytes=256; zero_bytes=716; ff_bytes=773
0x4b,0x12c000,0x12ffff,0x4000,0x7fff,unclassified,fingerprinted,low,136ada06cb68656b7de475fa4b278d37dbeff8f5257e7dfdf7f4a4aec19a90f3,bank_sha256=956f1c95be44f7a40d6df205a5f6afba408c310c3d02ddf8d88e0b071fac6e2c; entropy=7.050927; unique_bytes=256; zero_bytes=692; ff_bytes=884
0x4c,0x130000,0x133fff,0x4000,0x7fff,unclassified,fingerprinted,low,136ada06cb68656b7de475fa4b278d37dbeff8f5257e7dfdf7f4a4aec19a90f3,bank_sha256=40ee2e5cfce7fa38c7b3aad64882e39833b58eb62d2c79fec019ecda768f0eee; entropy=7.129649; unique_bytes=256; zero_bytes=699; ff_bytes=831
0x4d,0x134000,0x137fff,0x4000,0x7fff,unclassified,fingerprinted,low,136ada06cb68656b7de475fa4b278d37dbeff8f5257e7dfdf7f4a4aec19a90f3,bank_sha256=87283f9293da80b95b79eee043f722b0fffb5f06e7b1505fd41eecb003e7c395; entropy=7.060067; unique_bytes=256; zero_bytes=789; ff_bytes=868
0x4e,0x138000,0x13bfff,0x4000,0x7fff,unclassified,fingerprinted,low,136ada06cb68656b7de475fa4b278d37dbeff8f5257e7dfdf7f4a4aec19a90f3,bank_sha256=2654e7aea51348ab71814cf36176643b5e4ec9111b988217e8f5b16820ae6d37; entropy=7.016897; unique_bytes=256; zero_bytes=821; ff_bytes=878
0x4f,0x13c000,0x13ffff,0x4000,0x7fff,unclassified,fingerprinted,low,136ada06cb68656b7de475fa4b278d37dbeff8f5257e7dfdf7f4a4aec19a90f3,bank_sha256=9717b952edf25f5bfa08dcd5cb29190acc9493c65926d35013dbbd3c6fe415ce; entropy=6.937967; unique_bytes=256; zero_bytes=806; ff_bytes=950
0x50,0x140000,0x143fff,0x4000,0x7fff,unclassified,fingerprinted,low,136ada06cb68656b7de475fa4b278d37dbeff8f5257e7dfdf7f4a4aec19a90f3,bank_sha256=d3c12d8db4ab2c4547f9aa3e8352c376cd3bc5cdc5475acfd9bf9c137be400e1; entropy=7.047269; unique_bytes=256; zero_bytes=842; ff_bytes=746
0x51,0x144000,0x147fff,0x4000,0x7fff,unclassified,fingerprinted,low,136ada06cb68656b7de475fa4b278d37dbeff8f5257e7dfdf7f4a4aec19a90f3,bank_sha256=3699068cef18b5cab68d6ed93819a8c6a92c7bc154018f8c42a8778625365424; entropy=7.083321; unique_bytes=256; zero_bytes=707; ff_bytes=810
0x52,0x148000,0x14bfff,0x4000,0x7fff,unclassified,fingerprinted,low,136ada06cb68656b7de475fa4b278d37dbeff8f5257e7dfdf7f4a4aec19a90f3,bank_sha256=168b68a7f0e2607f2929a89aa455d090c3b2464cda3c2dca8372e0f8b97b95d6; entropy=6.969859; unique_bytes=256; zero_bytes=804; ff_bytes=922
0x53,0x14c000,0x14ffff,0x4000,0x7fff,unclassified,fingerprinted,low,136ada06cb68656b7de475fa4b278d37dbeff8f5257e7dfdf7f4a4aec19a90f3,bank_sha256=f6f3c423c3eac9bbf042378fd0b630e03296ad5313ee19ab26818957e9a1363f; entropy=6.916003; unique_bytes=256; zero_bytes=900; ff_bytes=1017
0x54,0x150000,0x153fff,0x4000,0x7fff,unclassified,fingerprinted,low,136ada06cb68656b7de475fa4b278d37dbeff8f5257e7dfdf7f4a4aec19a90f3,bank_sha256=200d8d074888c0851a4cb230203b6c028be9c22362f58ca1f4b3a5af9842a6d6; entropy=6.960103; unique_bytes=256; zero_bytes=852; ff_bytes=1016
0x55,0x154000,0x157fff,0x4000,0x7fff,unclassified,fingerprinted,low,136ada06cb68656b7de475fa4b278d37dbeff8f5257e7dfdf7f4a4aec19a90f3,bank_sha256=7a89106b74b43ed69814e28003b7376cef5a409066e2238a8483d2630881b412; entropy=6.908943; unique_bytes=256; zero_bytes=893; ff_bytes=875
0x56,0x158000,0x15bfff,0x4000,0x7fff,unclassified,fingerprinted,low,136ada06cb68656b7de475fa4b278d37dbeff8f5257e7dfdf7f4a4aec19a90f3,bank_sha256=4436372f0c5d2e06078e32ae767ba45cc56aae2e7cb257f73ac47635a1eb3f88; entropy=6.917286; unique_bytes=256; zero_bytes=855; ff_bytes=1018
0x57,0x15c000,0x15ffff,0x4000,0x7fff,unclassified,fingerprinted,low,136ada06cb68656b7de475fa4b278d37dbeff8f5257e7dfdf7f4a4aec19a90f3,bank_sha256=e720909e44b740371c50e5859247f3d7a574dfe29b180c991d5c91ecbd167af0; entropy=6.915085; unique_bytes=256; zero_bytes=910; ff_bytes=978
0x58,0x160000,0x163fff,0x4000,0x7fff,unclassified,fingerprinted,low,136ada06cb68656b7de475fa4b278d37dbeff8f5257e7dfdf7f4a4aec19a90f3,bank_sha256=2c8d6173079a0c1e43866a502d76f11ee31453b224d243bc3c92a3dca7e5db55; entropy=6.773669; unique_bytes=256; zero_bytes=1035; ff_bytes=985
0x59,0x164000,0x167fff,0x4000,0x7fff,unclassified,fingerprinted,low,136ada06cb68656b7de475fa4b278d37dbeff8f5257e7dfdf7f4a4aec19a90f3,bank_sha256=134b2e8ff0d6e9323971730c544da953e6043e2c3d4838d414b68cbde7b8d1f1; entropy=5.206495; unique_bytes=256; zero_bytes=6188; ff_bytes=689
0x5a,0x168000,0x16bfff,0x4000,0x7fff,unclassified,fingerprinted,low,136ada06cb68656b7de475fa4b278d37dbeff8f5257e7dfdf7f4a4aec19a90f3,bank_sha256=134b2e8ff0d6e9323971730c544da953e6043e2c3d4838d414b68cbde7b8d1f1; entropy=5.206495; unique_bytes=256; zero_bytes=6188; ff_bytes=689
0x5b,0x16c000,0x16ffff,0x4000,0x7fff,unclassified,fingerprinted,low,136ada06cb68656b7de475fa4b278d37dbeff8f5257e7dfdf7f4a4aec19a90f3,bank_sha256=69ed9d28b81054645c3a34f01559b7c57c94a83f687eec02d8259189438e59b6; entropy=2.638071; unique_bytes=246; zero_bytes=12073; ff_bytes=305
0x5c,0x170000,0x173fff,0x4000,0x7fff,unclassified,fingerprinted,low,136ada06cb68656b7de475fa4b278d37dbeff8f5257e7dfdf7f4a4aec19a90f3,bank_sha256=0cd9ab34970fa97fb565d02b110301dad9c2d1ba1b00a884f5fe3a959c38d86a; entropy=6.190561; unique_bytes=255; zero_bytes=3656; ff_bytes=766
0x5d,0x174000,0x177fff,0x4000,0x7fff,unclassified,fingerprinted,low,136ada06cb68656b7de475fa4b278d37dbeff8f5257e7dfdf7f4a4aec19a90f3,bank_sha256=d06255c923184aa0faf39f94a95fe68713205becff15dc7b76d29d7b336dea86; entropy=6.132244; unique_bytes=169; zero_bytes=1026; ff_bytes=0
0x5e,0x178000,0x17bfff,0x4000,0x7fff,unclassified,fingerprinted,low,136ada06cb68656b7de475fa4b278d37dbeff8f5257e7dfdf7f4a4aec19a90f3,bank_sha256=f42762d8194c5aee0cb08020b86fce19f87f389cbc62b4864382f89def6d9697; entropy=5.654397; unique_bytes=256; zero_bytes=4805; ff_bytes=989
0x5f,0x17c000,0x17ffff,0x4000,0x7fff,unclassified,fingerprinted,low,136ada06cb68656b7de475fa4b278d37dbeff8f5257e7dfdf7f4a4aec19a90f3,bank_sha256=c589d7a556c91f90a8c290bebff0fe18c0979a13c9e7cadbc176a6ccf78b53a2; entropy=6.525932; unique_bytes=256; zero_bytes=2350; ff_bytes=915
0x60,0x180000,0x183fff,0x4000,0x7fff,padding,fingerprinted,high,136ada06cb68656b7de475fa4b278d37dbeff8f5257e7dfdf7f4a4aec19a90f3,bank_sha256=4fe7b59af6de3b665b67788cc2f99892ab827efae3a467342b3bb4e3bc8e5bfe; entropy=-0.0; unique_bytes=1; zero_bytes=16384; ff_bytes=0
0x61,0x184000,0x187fff,0x4000,0x7fff,padding,fingerprinted,high,136ada06cb68656b7de475fa4b278d37dbeff8f5257e7dfdf7f4a4aec19a90f3,bank_sha256=4fe7b59af6de3b665b67788cc2f99892ab827efae3a467342b3bb4e3bc8e5bfe; entropy=-0.0; unique_bytes=1; zero_bytes=16384; ff_bytes=0
0x62,0x188000,0x18bfff,0x4000,0x7fff,padding,fingerprinted,high,136ada06cb68656b7de475fa4b278d37dbeff8f5257e7dfdf7f4a4aec19a90f3,bank_sha256=4fe7b59af6de3b665b67788cc2f99892ab827efae3a467342b3bb4e3bc8e5bfe; entropy=-0.0; unique_bytes=1; zero_bytes=16384; ff_bytes=0
0x63,0x18c000,0x18ffff,0x4000,0x7fff,padding,fingerprinted,high,136ada06cb68656b7de475fa4b278d37dbeff8f5257e7dfdf7f4a4aec19a90f3,bank_sha256=4fe7b59af6de3b665b67788cc2f99892ab827efae3a467342b3bb4e3bc8e5bfe; entropy=-0.0; unique_bytes=1; zero_bytes=16384; ff_bytes=0
0x64,0x190000,0x193fff,0x4000,0x7fff,padding,fingerprinted,high,136ada06cb68656b7de475fa4b278d37dbeff8f5257e7dfdf7f4a4aec19a90f3,bank_sha256=4fe7b59af6de3b665b67788cc2f99892ab827efae3a467342b3bb4e3bc8e5bfe; entropy=-0.0; unique_bytes=1; zero_bytes=16384; ff_bytes=0
0x65,0x194000,0x197fff,0x4000,0x7fff,padding,fingerprinted,high,136ada06cb68656b7de475fa4b278d37dbeff8f5257e7dfdf7f4a4aec19a90f3,bank_sha256=4fe7b59af6de3b665b67788cc2f99892ab827efae3a467342b3bb4e3bc8e5bfe; entropy=-0.0; unique_bytes=1; zero_bytes=16384; ff_bytes=0
0x66,0x198000,0x19bfff,0x4000,0x7fff,padding,fingerprinted,high,136ada06cb68656b7de475fa4b278d37dbeff8f5257e7dfdf7f4a4aec19a90f3,bank_sha256=4fe7b59af6de3b665b67788cc2f99892ab827efae3a467342b3bb4e3bc8e5bfe; entropy=-0.0; unique_bytes=1; zero_bytes=16384; ff_bytes=0
0x67,0x19c000,0x19ffff,0x4000,0x7fff,padding,fingerprinted,high,136ada06cb68656b7de475fa4b278d37dbeff8f5257e7dfdf7f4a4aec19a90f3,bank_sha256=4fe7b59af6de3b665b67788cc2f99892ab827efae3a467342b3bb4e3bc8e5bfe; entropy=-0.0; unique_bytes=1; zero_bytes=16384; ff_bytes=0
0x68,0x1a0000,0x1a3fff,0x4000,0x7fff,padding,fingerprinted,high,136ada06cb68656b7de475fa4b278d37dbeff8f5257e7dfdf7f4a4aec19a90f3,bank_sha256=4fe7b59af6de3b665b67788cc2f99892ab827efae3a467342b3bb4e3bc8e5bfe; entropy=-0.0; unique_bytes=1; zero_bytes=16384; ff_bytes=0
0x69,0x1a4000,0x1a7fff,0x4000,0x7fff,padding,fingerprinted,high,136ada06cb68656b7de475fa4b278d37dbeff8f5257e7dfdf7f4a4aec19a90f3,bank_sha256=4fe7b59af6de3b665b67788cc2f99892ab827efae3a467342b3bb4e3bc8e5bfe; entropy=-0.0; unique_bytes=1; zero_bytes=16384; ff_bytes=0
0x6a,0x1a8000,0x1abfff,0x4000,0x7fff,padding,fingerprinted,high,136ada06cb68656b7de475fa4b278d37dbeff8f5257e7dfdf7f4a4aec19a90f3,bank_sha256=4fe7b59af6de3b665b67788cc2f99892ab827efae3a467342b3bb4e3bc8e5bfe; entropy=-0.0; unique_bytes=1; zero_bytes=16384; ff_bytes=0
0x6b,0x1ac000,0x1affff,0x4000,0x7fff,padding,fingerprinted,high,136ada06cb68656b7de475fa4b278d37dbeff8f5257e7dfdf7f4a4aec19a90f3,bank_sha256=4fe7b59af6de3b665b67788cc2f99892ab827efae3a467342b3bb4e3bc8e5bfe; entropy=-0.0; unique_bytes=1; zero_bytes=16384; ff_bytes=0
0x6c,0x1b0000,0x1b3fff,0x4000,0x7fff,padding,fingerprinted,high,136ada06cb68656b7de475fa4b278d37dbeff8f5257e7dfdf7f4a4aec19a90f3,bank_sha256=4fe7b59af6de3b665b67788cc2f99892ab827efae3a467342b3bb4e3bc8e5bfe; entropy=-0.0; unique_bytes=1; zero_bytes=16384; ff_bytes=0
0x6d,0x1b4000,0x1b7fff,0x4000,0x7fff,padding,fingerprinted,high,136ada06cb68656b7de475fa4b278d37dbeff8f5257e7dfdf7f4a4aec19a90f3,bank_sha256=4fe7b59af6de3b665b67788cc2f99892ab827efae3a467342b3bb4e3bc8e5bfe; entropy=-0.0; unique_bytes=1; zero_bytes=16384; ff_bytes=0
0x6e,0x1b8000,0x1bbfff,0x4000,0x7fff,padding,fingerprinted,high,136ada06cb68656b7de475fa4b278d37dbeff8f5257e7dfdf7f4a4aec19a90f3,bank_sha256=4fe7b59af6de3b665b67788cc2f99892ab827efae3a467342b3bb4e3bc8e5bfe; entropy=-0.0; unique_bytes=1; zero_bytes=16384; ff_bytes=0
0x6f,0x1bc000,0x1bffff,0x4000,0x7fff,padding,fingerprinted,high,136ada06cb68656b7de475fa4b278d37dbeff8f5257e7dfdf7f4a4aec19a90f3,bank_sha256=4fe7b59af6de3b665b67788cc2f99892ab827efae3a467342b3bb4e3bc8e5bfe; entropy=-0.0; unique_bytes=1; zero_bytes=16384; ff_bytes=0
0x70,0x1c0000,0x1c3fff,0x4000,0x7fff,padding,fingerprinted,high,136ada06cb68656b7de475fa4b278d37dbeff8f5257e7dfdf7f4a4aec19a90f3,bank_sha256=4fe7b59af6de3b665b67788cc2f99892ab827efae3a467342b3bb4e3bc8e5bfe; entropy=-0.0; unique_bytes=1; zero_bytes=16384; ff_bytes=0
0x71,0x1c4000,0x1c7fff,0x4000,0x7fff,padding,fingerprinted,high,136ada06cb68656b7de475fa4b278d37dbeff8f5257e7dfdf7f4a4aec19a90f3,bank_sha256=4fe7b59af6de3b665b67788cc2f99892ab827efae3a467342b3bb4e3bc8e5bfe; entropy=-0.0; unique_bytes=1; zero_bytes=16384; ff_bytes=0
0x72,0x1c8000,0x1cbfff,0x4000,0x7fff,padding,fingerprinted,high,136ada06cb68656b7de475fa4b278d37dbeff8f5257e7dfdf7f4a4aec19a90f3,bank_sha256=4fe7b59af6de3b665b67788cc2f99892ab827efae3a467342b3bb4e3bc8e5bfe; entropy=-0.0; unique_bytes=1; zero_bytes=16384; ff_bytes=0
0x73,0x1cc000,0x1cffff,0x4000,0x7fff,padding,fingerprinted,high,136ada06cb68656b7de475fa4b278d37dbeff8f5257e7dfdf7f4a4aec19a90f3,bank_sha256=4fe7b59af6de3b665b67788cc2f99892ab827efae3a467342b3bb4e3bc8e5bfe; entropy=-0.0; unique_bytes=1; zero_bytes=16384; ff_bytes=0
0x74,0x1d0000,0x1d3fff,0x4000,0x7fff,padding,fingerprinted,high,136ada06cb68656b7de475fa4b278d37dbeff8f5257e7dfdf7f4a4aec19a90f3,bank_sha256=4fe7b59af6de3b665b67788cc2f99892ab827efae3a467342b3bb4e3bc8e5bfe; entropy=-0.0; unique_bytes=1; zero_bytes=16384; ff_bytes=0
0x75,0x1d4000,0x1d7fff,0x4000,0x7fff,padding,fingerprinted,high,136ada06cb68656b7de475fa4b278d37dbeff8f5257e7dfdf7f4a4aec19a90f3,bank_sha256=4fe7b59af6de3b665b67788cc2f99892ab827efae3a467342b3bb4e3bc8e5bfe; entropy=-0.0; unique_bytes=1; zero_bytes=16384; ff_bytes=0
0x76,0x1d8000,0x1dbfff,0x4000,0x7fff,padding,fingerprinted,high,136ada06cb68656b7de475fa4b278d37dbeff8f5257e7dfdf7f4a4aec19a90f3,bank_sha256=4fe7b59af6de3b665b67788cc2f99892ab827efae3a467342b3bb4e3bc8e5bfe; entropy=-0.0; unique_bytes=1; zero_bytes=16384; ff_bytes=0
0x77,0x1dc000,0x1dffff,0x4000,0x7fff,padding,fingerprinted,high,136ada06cb68656b7de475fa4b278d37dbeff8f5257e7dfdf7f4a4aec19a90f3,bank_sha256=4fe7b59af6de3b665b67788cc2f99892ab827efae3a467342b3bb4e3bc8e5bfe; entropy=-0.0; unique_bytes=1; zero_bytes=16384; ff_bytes=0
0x78,0x1e0000,0x1e3fff,0x4000,0x7fff,padding,fingerprinted,high,136ada06cb68656b7de475fa4b278d37dbeff8f5257e7dfdf7f4a4aec19a90f3,bank_sha256=4fe7b59af6de3b665b67788cc2f99892ab827efae3a467342b3bb4e3bc8e5bfe; entropy=-0.0; unique_bytes=1; zero_bytes=16384; ff_bytes=0
0x79,0x1e4000,0x1e7fff,0x4000,0x7fff,padding,fingerprinted,high,136ada06cb68656b7de475fa4b278d37dbeff8f5257e7dfdf7f4a4aec19a90f3,bank_sha256=4fe7b59af6de3b665b67788cc2f99892ab827efae3a467342b3bb4e3bc8e5bfe; entropy=-0.0; unique_bytes=1; zero_bytes=16384; ff_bytes=0
0x7a,0x1e8000,0x1ebfff,0x4000,0x7fff,padding,fingerprinted,high,136ada06cb68656b7de475fa4b278d37dbeff8f5257e7dfdf7f4a4aec19a90f3,bank_sha256=4fe7b59af6de3b665b67788cc2f99892ab827efae3a467342b3bb4e3bc8e5bfe; entropy=-0.0; unique_bytes=1; zero_bytes=16384; ff_bytes=0
0x7b,0x1ec000,0x1effff,0x4000,0x7fff,padding,fingerprinted,high,136ada06cb68656b7de475fa4b278d37dbeff8f5257e7dfdf7f4a4aec19a90f3,bank_sha256=4fe7b59af6de3b665b67788cc2f99892ab827efae3a467342b3bb4e3bc8e5bfe; entropy=-0.0; unique_bytes=1; zero_bytes=16384; ff_bytes=0
0x7c,0x1f0000,0x1f3fff,0x4000,0x7fff,padding,fingerprinted,high,136ada06cb68656b7de475fa4b278d37dbeff8f5257e7dfdf7f4a4aec19a90f3,bank_sha256=4fe7b59af6de3b665b67788cc2f99892ab827efae3a467342b3bb4e3bc8e5bfe; entropy=-0.0; unique_bytes=1; zero_bytes=16384; ff_bytes=0
0x7d,0x1f4000,0x1f7fff,0x4000,0x7fff,unclassified,fingerprinted,low,136ada06cb68656b7de475fa4b278d37dbeff8f5257e7dfdf7f4a4aec19a90f3,bank_sha256=3ce7e188a5ca5cd99206823741594ed7ca13c92714562d5b77793d8bb4f1866f; entropy=4.190132; unique_bytes=243; zero_bytes=8408; ff_bytes=350
0x7e,0x1f8000,0x1fbfff,0x4000,0x7fff,unclassified,fingerprinted,low,136ada06cb68656b7de475fa4b278d37dbeff8f5257e7dfdf7f4a4aec19a90f3,bank_sha256=1e1d036a92e916492353eb6ad0f985d73f977e1b392b11b8853ade3dc33d4c42; entropy=0.908562; unique_bytes=169; zero_bytes=15079; ff_bytes=58
0x7f,0x1fc000,0x1fffff,0x4000,0x7fff,unclassified,fingerprinted,low,136ada06cb68656b7de475fa4b278d37dbeff8f5257e7dfdf7f4a4aec19a90f3,bank_sha256=6907e85cbcbe208c2266ba3092027173c53b142d81604cc2795d2d3e2c37f508; entropy=0.402257; unique_bytes=187; zero_bytes=15865; ff_bytes=2
